Tanggal,PROBABLE,SUSPECT,POSITIVE ACTIVE,CUMULATIVE RECOVERED,CUMULATIVE DEATH,NEW RECOVERED,NEW DEATH,NEW POSITIVE
2020-04-09,0,114,36,10,12,10,12,36
2020-04-10,0,117,42,22,12,12,0,18
2020-04-11,0,121,45,25,13,3,1,7
2020-04-12,0,124,50,27,14,2,1,8
2020-04-13,0,131,56,31,14,4,0,10
2020-04-14,0,145,62,36,15,5,1,12
2020-04-15,0,160,71,39,16,3,1,13
2020-04-16,0,165,86,40,17,1,1,17
2020-04-17,0,185,93,40,19,0,2,9
2020-04-18,0,191,110,41,20,1,1,19
2020-04-19,0,195,120,41,21,0,1,11
2020-04-20,0,204,125,42,22,1,1,7
2020-04-21,0,205,127,42,23,0,1,3
2020-04-22,0,208,128,42,24,0,1,2
2020-04-23,0,218,126,50,25,8,1,7
2020-04-24,0,243,148,50,29,0,4,26
2020-04-25,0,274,137,61,30,11,1,1
2020-04-26,0,267,134,70,30,9,0,6
2020-04-27,0,279,130,75,30,5,0,1
2020-04-28,0,254,118,88,30,13,0,1
2020-04-29,0,285,118,90,30,2,0,2
2020-04-30,0,278,116,94,30,4,0,2
2020-05-01,0,293,108,107,30,13,0,5
2020-05-02,0,279,109,107,30,0,0,1
2020-05-03,0,279,105,113,30,6,0,2
2020-05-04,0,297,98,132,30,19,0,12
2020-05-05,0,282,80,151,30,19,0,1
2020-05-06,0,262,86,155,30,4,0,10
2020-05-07,0,260,75,173,30,18,0,7
2020-05-08,0,258,74,182,30,9,0,8
2020-05-09,0,246,70,186,30,4,0,0
2020-05-10,0,248,68,188,30,2,0,0
2020-05-11,0,114,70,189,30,1,0,3
2020-05-12,0,85,55,202,30,13,0,-2
2020-05-13,0,91,49,211,30,9,0,3
2020-05-14,0,92,55,213,30,2,0,8
2020-05-15,0,114,54,215,30,2,0,1
2020-05-16,0,97,57,221,30,6,0,9
2020-05-17,0,99,57,224,31,3,1,4
2020-05-18,0,110,50,231,33,7,2,2
2020-05-19,0,94,47,236,34,5,1,3
2020-05-20,0,95,49,240,36,4,2,8
2020-05-21,0,85,57,249,36,9,0,17
2020-05-22,0,82,61,251,37,2,1,7
2020-05-23,0,76,75,251,37,0,0,14
2020-05-24,0,74,81,251,37,0,0,6
2020-05-25,0,85,80,252,37,1,0,0
2020-05-26,0,100,82,252,37,0,0,2
2020-05-27,0,117,86,253,38,1,1,6
2020-05-28,0,122,88,256,39,3,1,6
2020-05-29,0,120,95,260,39,4,0,11
2020-05-30,0,129,99,261,40,1,1,6
2020-05-31,0,113,115,267,40,6,0,22
2020-06-01,0,108,122,270,41,3,1,11
2020-06-02,0,129,128,276,43,6,2,14
2020-06-03,0,123,136,278,45,2,2,12
2020-06-04,0,150,149,280,47,2,2,17
2020-06-05,0,142,168,282,48,2,1,22
2020-06-06,0,205,178,289,51,7,3,20
2020-06-07,0,194,202,294,54,5,3,32
2020-06-08,0,203,210,312,57,18,3,29
2020-06-09,0,191,237,315,59,3,2,32
2020-06-10,0,218,251,320,60,5,1,20
2020-06-11,0,202,256,342,70,22,10,37
2020-06-12,0,218,238,360,71,18,1,1
2020-06-13,0,229,247,378,76,18,5,32
2020-06-14,0,240,222,399,81,21,5,1
2020-06-15,0,236,234,414,87,15,6,33
2020-06-16,0,251,246,422,92,8,5,25
2020-06-17,0,251,271,427,97,5,5,35
2020-06-18,0,252,291,432,104,5,7,32
2020-06-19,0,265,374,433,107,1,3,87
2020-06-20,0,255,421,437,108,4,1,52
2020-06-21,0,257,457,446,110,9,2,47
2020-06-22,0,288,537,491,113,45,3,128
2020-06-23,0,289,614,518,117,27,4,108
2020-06-24,0,305,592,566,127,48,10,36
2020-06-25,0,310,600,582,129,16,2,26
2020-06-26,0,303,606,625,133,43,4,53
2020-06-27,0,294,618,654,140,29,7,48
2020-06-28,0,265,632,697,143,43,3,60
2020-06-29,0,310,624,754,145,57,2,51
2020-06-30,0,361,637,808,167,54,22,89
2020-07-01,0,358,645,838,174,30,7,45
2020-07-02,0,361,647,899,185,61,11,74
2020-07-03,0,370,679,921,188,22,3,57
2020-07-04,0,380,702,926,190,5,2,30
2020-07-05,0,378,717,965,196,39,6,60
2020-07-06,0,374,955,980,205,15,9,262
2020-07-07,0,409,976,1006,209,26,4,51
2020-07-08,0,383,889,1131,217,125,8,46
2020-07-09,0,349,823,1238,221,107,4,45
2020-07-10,0,358,817,1303,238,65,17,76
2020-07-11,0,341,851,1325,246,22,8,64
2020-07-12,0,316,858,1345,252,20,6,33
2020-07-13,0,337,865,1398,258,53,6,66
2020-07-14,0,345,865,1480,263,82,5,87
2020-07-15,0,304,883,1552,274,72,11,101
2020-07-16,0,301,855,1665,281,113,7,92
2020-07-17,0,282,842,1754,292,89,11,87
2020-07-18,0,278,836,1847,300,93,8,95
2020-07-19,0,280,862,1873,305,26,5,57
2020-07-20,0,299,823,1972,313,99,8,68
2020-07-21,0,316,817,2042,318,70,5,69
2020-07-22,0,317,833,2102,333,60,15,91
2020-07-23,0,325,784,2199,344,97,11,59
2020-07-24,0,347,747,2310,354,111,10,84
2020-07-25,0,329,771,2367,361,57,7,88
2020-07-26,0,320,749,2455,374,88,13,79
2020-07-27,0,320,690,2567,385,112,11,64
2020-07-28,0,296,693,2687,412,120,27,150
2020-07-29,0,315,682,2771,426,84,14,87
2020-07-30,0,316,691,2802,430,31,4,44
2020-07-31,0,332,632,2951,435,149,5,95
2020-08-01,0,336,655,2978,440,27,5,55
2020-08-02,0,324,617,3039,449,61,9,32
2020-08-03,0,343,648,3098,464,59,15,105
2020-08-04,0,336,627,3166,471,68,7,54
2020-08-05,0,340,565,3259,476,93,5,36
2020-08-06,0,344,536,3336,481,77,5,53
2020-08-07,0,369,528,3416,489,80,8,80
2020-08-08,0,350,602,3445,497,29,8,111
2020-08-09,0,356,581,3494,502,49,5,33
2020-08-10,0,368,553,3577,506,83,4,59
2020-08-11,0,373,588,3639,520,62,14,111
2020-08-12,0,367,598,3742,521,103,1,114
2020-08-13,0,360,613,3804,526,62,5,82
2020-08-14,0,361,537,3975,535,171,9,104
2020-08-15,0,358,565,4011,541,36,6,70
2020-08-16,0,354,568,4026,543,15,2,20
2020-08-17,0,343,570,4047,545,21,2,25
2020-08-18,0,365,497,4194,558,147,13,87
2020-08-19,0,356,490,4210,562,16,4,13
2020-08-20,0,350,482,4280,565,70,3,65
2020-08-21,0,345,470,4370,569,90,4,82
2020-08-22,0,334,469,4422,573,52,4,55
2020-08-23,0,341,465,4439,574,17,1,14
2020-08-24,0,341,470,4506,579,67,5,77
2020-08-25,0,338,484,4538,589,32,10,56
2020-08-26,0,357,457,4612,594,74,5,52
2020-08-27,0,374,459,4638,601,26,7,35
2020-08-28,0,379,462,4690,607,52,6,61
2020-08-29,0,381,478,4735,616,45,9,70
2020-08-30,0,392,490,4759,618,24,2,38
2020-08-31,0,385,514,4765,619,6,1,31
2020-09-01,0,203,523,4889,619,124,0,133
2020-09-02,42,243,518,4967,630,78,11,84
2020-09-03,39,404,519,5077,636,110,6,117
2020-09-04,46,441,482,5198,640,121,4,88
2020-09-05,51,486,460,5325,644,127,4,109
2020-09-06,58,465,483,5402,648,77,4,104
2020-09-07,66,449,512,5421,653,19,5,53
2020-09-08,74,454,533,5539,661,118,8,147
2020-09-09,72,476,535,5594,670,55,9,66
2020-09-10,73,339,526,5643,677,49,7,47
2020-09-11,74,345,532,5702,682,59,5,70
2020-09-12,75,349,539,5720,685,18,3,28
2020-09-13,77,360,547,5740,690,20,5,33
2020-09-14,71,411,496,5876,705,136,15,100
2020-09-15,80,391,512,5914,707,38,2,56
2020-09-16,82,380,501,6003,715,89,8,86
2020-09-17,84,369,492,6084,720,81,5,77
2020-09-18,85,364,432,6102,722,18,2,-40
2020-09-19,88,360,369,6159,725,57,3,-3
2020-09-20,88,374,453,6215,725,56,0,140
2020-09-21,85,356,441,6297,736,82,11,81
2020-09-22,85,321,437,6374,743,77,7,80
2020-09-23,102,377,496,6425,752,51,9,119
2020-09-24,112,311,532,6503,763,78,11,125
2020-09-25,113,308,531,6550,765,47,2,48
2020-09-26,114,305,530,6603,769,53,4,56
2020-09-27,115,301,530,6654,775,51,6,57
2020-09-28,110,316,562,6705,777,51,2,85
2020-09-29,105,269,563,6814,783,109,6,116
2020-09-30,108,279,531,6903,788,89,5,62
2020-10-01,111,302,511,6964,791,61,3,44
2020-10-02,116,300,525,7001,795,37,4,55
2020-10-03,119,297,530,7069,798,68,3,76
2020-10-04,124,288,537,7151,801,82,3,92
2020-10-05,125,297,540,7201,801,50,0,53
2020-10-06,127,308,543,7270,803,69,2,74
2020-10-07,123,277,563,7341,807,71,4,95
2020-10-08,116,293,575,7399,814,58,7,77
2020-10-09,118,301,565,7469,819,70,5,65
2020-10-10,120,306,551,7522,825,53,6,45
2020-10-11,123,313,542,7587,830,65,5,61
2020-10-12,127,327,526,7639,837,52,7,43
2020-10-13,123,267,443,7799,848,160,11,88
2020-10-14,133,114,422,7862,851,63,3,45
2020-10-15,86,123,470,7901,854,39,3,90
2020-10-16,68,125,465,7957,857,56,3,54
2020-10-17,46,126,453,8002,860,45,3,36
2020-10-18,29,129,442,8073,863,71,3,63
2020-10-19,31,145,469,8140,863,67,0,94
2020-10-20,38,170,463,8210,870,70,7,71
2020-10-21,36,178,456,8301,876,91,6,90
2020-10-22,34,185,442,8398,882,97,6,89
2020-10-23,33,192,439,8457,889,59,7,63
2020-10-24,32,198,426,8503,894,46,5,38
2020-10-25,31,204,417,8565,897,62,3,56
2020-10-26,31,135,393,8659,902,94,5,75
2020-10-27,32,132,395,8793,910,134,8,144
2020-10-28,33,130,396,8867,914,74,4,79
2020-10-29,34,126,397,8901,920,34,6,41
2020-10-30,35,122,400,8966,924,65,4,72
2020-10-31,36,125,407,8989,928,23,4,34
2020-11-01,38,128,415,9010,932,21,4,33
2020-11-02,35,133,401,9058,939,48,7,41
2020-11-03,32,137,391,9189,947,131,8,129
2020-11-04,41,158,404,9254,952,65,5,83
2020-11-05,40,150,421,9302,960,48,8,73
2020-11-06,39,145,432,9381,965,79,5,95
2020-11-07,38,140,459,9469,970,88,5,120
2020-11-08,37,137,468,9516,976,47,6,62
2020-11-09,39,201,524,9557,980,41,4,101
2020-11-10,36,195,585,9602,990,45,10,116
2020-11-11,34,189,638,9724,998,122,8,183
2020-11-12,36,156,628,9831,1003,107,5,102
2020-11-13,37,155,623,9915,1011,84,8,87
2020-11-14,38,154,619,10001,1019,86,8,90
2020-11-15,38,154,611,10092,1023,91,4,87
2020-11-16,39,161,535,10276,1036,184,13,121
2020-11-17,38,173,562,10379,1050,103,14,144
2020-11-18,30,206,516,10538,1061,159,11,124
2020-11-19,36,226,492,10670,1071,132,10,118
2020-11-20,39,218,481,10851,1079,181,8,178
2020-11-21,42,201,519,10903,1085,52,6,96
2020-11-22,44,193,558,10965,1090,62,5,106
2020-11-23,52,185,528,11202,1109,237,19,226
2020-11-24,48,196,583,11379,1126,177,17,249
2020-11-25,40,219,541,11628,1128,249,2,209
2020-11-26,45,224,588,11750,1134,122,6,175
2020-11-27,46,220,681,11867,1152,117,18,228
2020-11-28,48,215,691,11908,1160,41,8,59
2020-11-29,49,211,772,12085,1177,177,17,275
2020-11-30,54,226,734,12303,1192,218,15,195
2020-12-01,52,216,783,12487,1213,184,21,254
2020-12-02,49,232,739,12787,1231,300,18,274
2020-12-03,62,235,710,12920,1241,133,10,114
2020-12-04,62,237,710,12920,1241,0,0,0
2020-12-05,79,232,768,13124,1254,204,13,275
2020-12-06,88,231,797,13313,1260,189,6,224
2020-12-07,85,245,769,13416,1267,103,7,82
2020-12-08,93,205,750,13540,1273,124,6,111
2020-12-09,60,254,731,13784,1294,244,21,246
2020-12-10,64,232,674,13923,1298,139,4,86
2020-12-11,63,265,782,14113,1307,190,9,307
2020-12-12,69,335,781,14268,1316,155,9,163
2020-12-13,72,286,825,14470,1329,202,13,259
2020-12-14,75,307,785,14621,1342,151,13,124
2020-12-15,74,339,863,14840,1357,219,15,312
2020-12-16,69,338,810,15002,1371,162,14,123
2020-12-17,64,337,759,15323,1388,321,17,287
2020-12-18,68,334,815,15469,1403,146,15,217
2020-12-19,74,294,868,15680,1417,211,14,278
2020-12-20,41,256,811,15939,1436,259,19,221
2020-12-21,47,252,774,16107,1454,168,18,149
2020-12-22,46,276,773,16299,1470,192,16,207
2020-12-23,52,274,858,16445,1490,146,20,251
2020-12-24,49,272,814,16748,1501,303,11,270
2020-12-25,49,278,906,16860,1518,112,17,221
2020-12-26,46,277,913,17013,1534,153,16,176
2020-12-27,61,301,874,17295,1554,282,20,263
2020-12-28,61,302,892,17392,1568,97,14,129
2020-12-29,66,311,801,17572,1597,180,29,118
2020-12-30,59,323,898,17765,1632,193,35,325
2020-12-31,60,331,964,18011,1652,246,20,332
2021-01-01,67,323,913,18159,1658,148,6,103
2021-01-02,66,363,880,18321,1675,162,17,146
2021-01-03,73,370,941,18500,1696,179,21,261
2021-01-04,65,380,946,18611,1701,111,5,121
2021-01-05,69,372,980,18828,1722,217,21,272
2021-01-06,67,316,988,19019,1751,191,29,228
2021-01-07,71,325,959,19300,1765,281,14,266
2021-01-08,67,321,951,19541,1789,241,24,257
2021-01-09,70,314,1015,19722,1799,181,10,255
2021-01-10,73,306,1042,20016,1824,294,25,346
2021-01-11,74,329,953,20152,1834,136,10,57
2021-01-12,75,367,962,20342,1857,190,23,222
2021-01-13,64,357,1043,20571,1879,229,22,332
2021-01-14,68,336,1016,20826,1900,255,21,249
2021-01-15,73,304,1000,21074,1916,248,16,248
2021-01-16,69,319,998,21253,1928,179,12,189
2021-01-17,68,322,1048,21445,1943,192,15,257
2021-01-18,74,311,1037,21663,1956,218,13,220
2021-01-19,76,338,994,21815,1977,152,21,130
2021-01-20,66,320,970,22059,1990,244,13,233
2021-01-21,68,306,872,22323,2020,264,30,196
2021-01-22,72,308,891,22518,2032,195,12,226
2021-01-23,68,318,834,22701,2044,183,12,138
2021-01-24,65,329,869,22927,2057,226,13,274
2021-01-25,67,326,798,23093,2063,166,6,101
2021-01-26,66,373,809,23332,2082,239,19,269
2021-01-27,82,371,845,23427,2103,95,21,152
2021-01-28,83,370,844,23651,2114,224,11,234
2021-01-29,84,369,843,23862,2126,211,12,222
2021-01-30,76,349,837,23987,2139,125,13,132
2021-01-31,65,318,825,24102,2147,115,8,111
2021-02-01,56,269,813,24198,2165,96,18,102
2021-02-02,57,200,794,24699,2186,501,21,503
2021-02-03,65,187,813,24834,2202,135,16,170
2021-02-04,59,196,829,25016,2218,182,16,214
2021-02-05,24,110,775,25168,2229,152,11,109
2021-02-06,27,105,732,25500,2242,332,13,302
2021-02-07,28,116,741,25582,2255,82,13,104
2021-02-08,35,116,665,25710,2265,128,10,62
2021-02-09,28,127,616,25845,2275,135,10,96
2021-02-10,25,119,617,25963,2290,118,15,134
2021-02-11,23,114,613,26141,2293,178,3,177
2021-02-12,18,117,640,26257,2301,116,8,151
2021-02-13,23,114,629,26366,2302,109,1,99
2021-02-14,27,123,611,26459,2310,93,8,83
2021-02-15,25,123,543,26607,2324,148,14,94
2021-02-16,24,131,543,26742,2338,135,14,149
2021-02-17,35,111,559,26994,2342,252,4,272
2021-02-18,38,99,549,27098,2352,104,10,104
2021-02-19,30,112,519,27260,2361,162,9,141
2021-02-20,26,108,535,27332,2364,72,3,91
2021-02-21,37,123,537,27449,2376,117,12,131
2021-02-22,41,130,500,27545,2378,96,2,61
2021-02-23,39,117,557,27689,2387,144,9,210
2021-02-24,32,126,589,27754,2395,65,8,105
2021-02-25,27,118,539,27886,2404,132,9,91
2021-02-26,26,124,502,27987,2407,101,3,67
2021-02-27,26,102,465,28166,2406,179,-1,141
2021-02-28,24,92,419,28302,2419,136,13,103
2021-03-01,20,95,411,28328,2421,26,2,20
2021-03-02,18,92,429,28458,2432,130,11,159
2021-03-03,16,81,406,28537,2440,79,8,64
2021-03-04,15,76,396,28608,2449,71,9,70
2021-03-05,18,85,399,28673,2460,65,11,79
2021-03-06,13,66,406,28801,2465,128,5,140
2021-03-07,13,66,400,28810,2465,9,0,3
2021-03-08,13,74,359,28864,2467,54,2,15
2021-03-09,17,81,357,28937,2471,73,4,75
2021-03-10,17,86,352,28999,2475,62,4,61
2021-03-11,21,69,365,29084,2480,85,5,103
2021-03-12,24,72,331,29155,2488,71,8,45
2021-03-13,24,97,339,29218,2502,63,14,85
2021-03-14,25,103,333,29286,2507,68,5,67
2021-03-15,27,113,320,29327,2509,41,2,30
2021-03-16,24,110,331,29391,2511,64,2,77
2021-03-17,22,104,312,29482,2519,91,8,80
2021-03-18,22,105,295,29555,2522,73,3,59
2021-03-19,23,87,289,29636,2532,81,10,85
2021-03-20,18,90,297,29729,2536,93,4,105
2021-03-21,21,96,304,29783,2540,54,4,65
2021-03-22,26,111,286,29819,2546,36,6,24
2021-03-23,27,86,287,29887,2553,68,7,76
2021-03-24,22,70,289,29943,2557,56,4,62
2021-03-25,21,83,279,29994,2565,51,8,49
2021-03-26,29,83,282,30060,2570,66,5,74
2021-03-27,21,91,300,30126,2578,66,8,92
2021-03-28,23,86,314,30135,2584,9,6,29
2021-03-29,31,72,286,30225,2589,90,5,67
2021-03-30,20,78,303,30488,2601,263,12,292
2021-03-31,16,59,300,30595,2606,107,5,109
2021-04-01,22,65,299,30719,2609,124,3,126
2021-04-02,22,63,308,30801,2614,82,5,96
2021-04-03,23,56,304,30781,2613,-20,-1,-25
2021-04-04,21,79,312,30816,2616,35,3,46
2021-04-05,24,72,301,30874,2617,58,1,48
2021-04-06,13,61,288,30961,2622,87,5,79
2021-04-07,17,63,304,31036,2627,75,5,96
2021-04-08,18,69,289,31101,2631,65,4,54
2021-04-09,17,70,289,31152,2637,51,6,57
2021-04-10,17,70,289,31186,2644,34,7,41
2021-04-11,15,53,305,31259,2647,73,3,92
2021-04-12,14,65,272,31315,2653,56,6,29
2021-04-13,17,71,266,31367,2656,52,3,49
2021-04-14,19,70,263,31435,2662,68,6,71
2021-04-15,16,70,296,31504,2671,69,9,111
2021-04-16,15,58,325,31565,2672,61,1,91
2021-04-17,15,61,312,31628,2673,63,1,51
2021-04-18,14,60,325,31680,2680,52,7,72
2021-04-19,12,61,326,31733,2686,53,6,60
2021-04-20,10,70,346,31792,2693,59,7,86
2021-04-21,16,55,353,31862,2698,70,5,82
2021-04-22,16,67,341,31938,2702,76,4,68
2021-04-23,18,72,325,32032,2712,94,10,88
2021-04-24,17,61,338,32150,2723,118,11,142
2021-04-25,19,71,364,32206,2724,56,1,83
2021-04-26,19,70,337,32266,2728,60,4,37
2021-04-27,9,66,329,32407,2743,141,15,148
2021-04-28,9,73,348,32542,2750,135,7,161
2021-04-29,10,85,326,32622,2759,80,9,67
2021-04-30,11,72,331,32707,2765,85,6,96
2021-05-01,11,49,341,32777,2770,70,5,85
2021-05-02,12,62,313,32829,2773,52,3,27
2021-05-03,15,67,286,32891,2776,62,3,38
2021-05-04,9,62,292,32969,2783,78,7,91
2021-05-05,9,65,313,33085,2792,116,9,146
2021-05-06,12,69,309,33159,2799,74,7,77
2021-05-07,12,72,328,33253,2799,94,0,113
2021-05-08,18,70,334,33317,2808,64,9,79
2021-05-09,26,71,364,33376,2815,59,7,96
2021-05-10,27,82,347,33442,2818,66,3,52
2021-05-11,20,77,413,33522,2819,80,1,147
2021-05-12,20,62,395,33606,2822,84,3,69
2021-05-13,19,70,377,33679,2830,73,8,63
2021-05-14,20,68,355,33730,2832,51,2,31
2021-05-15,19,76,349,33770,2840,40,8,42
2021-05-16,17,85,340,33820,2845,50,5,46
2021-05-17,17,85,339,33887,2847,67,2,68
2021-05-18,16,88,374,33972,2862,85,15,135
2021-05-19,17,86,392,34068,2870,96,8,122
2021-05-20,22,60,409,34160,2875,92,5,114
2021-05-21,22,57,395,34248,2878,88,3,77
2021-05-22,20,59,398,34328,2881,80,3,86
2021-05-23,24,56,385,34433,2886,105,5,97
2021-05-24,31,70,358,34480,2894,47,8,28
2021-05-25,23,95,392,34594,2900,114,6,154
2021-05-26,22,83,401,34692,2906,98,6,113
2021-05-27,19,84,381,34760,2918,68,12,60
2021-05-28,12,98,408,34937,2926,177,8,212
2021-05-29,21,89,477,35001,2934,64,8,141
2021-05-30,22,93,493,35116,2944,115,10,141
2021-05-31,22,114,518,35258,2948,142,4,171
2021-06-01,24,116,573,35374,2953,116,5,176
2021-06-02,28,130,553,35496,2958,122,5,107
2021-06-03,26,144,677,35657,2970,161,12,297
2021-06-04,28,106,727,35817,2981,160,11,221
2021-06-05,29,104,772,35958,2991,141,10,196
2021-06-06,37,131,866,36097,3004,139,13,246
2021-06-07,37,119,875,36295,3021,198,17,224
2021-06-08,22,167,990,36566,3053,271,32,418
2021-06-09,17,169,973,36814,3070,248,17,248
2021-06-10,22,174,1110,37083,3103,269,33,439
2021-06-11,17,141,1238,37393,3127,310,24,462
2021-06-12,13,132,1190,37671,3152,278,25,255
2021-06-13,12,136,1309,37950,3174,279,22,420
2021-06-14,15,161,1314,38238,3214,288,40,333
2021-06-15,20,205,1354,38651,3242,413,28,481
2021-06-16,11,182,1437,39174,3274,523,32,638
2021-06-17,13,237,1564,39637,3307,463,33,623
2021-06-18,17,240,1620,40141,3360,504,53,613
2021-06-19,12,283,1799,40676,3401,535,41,755
2021-06-20,13,271,1907,40886,3441,210,40,358
2021-06-21,13,279,1991,41169,3473,283,32,399
2021-06-22,16,310,1902,42237,3525,1068,52,1031
2021-06-23,20,342,1888,42924,3570,687,45,718
2021-06-24,20,314,2011,43927,3610,1003,40,1166
2021-06-25,29,375,2018,44325,3704,398,94,499
2021-06-26,35,410,2014,45021,3751,696,47,739
2021-06-27,38,448,2011,45903,3796,882,45,924
2021-06-28,54,459,2157,47485,3894,1582,98,1826
2021-06-29,54,429,2076,47811,3907,326,13,258
2021-06-30,62,396,2202,48143,3978,332,71,529
2021-07-01,31,391,2312,48569,4045,426,67,603
2021-07-02,41,385,2321,49639,4120,1070,75,1154
2021-07-03,35,382,2315,50039,4207,400,87,481
2021-07-04,43,409,2320,50974,4254,935,47,987
2021-07-05,50,396,2271,52134,4313,1160,59,1170
2021-07-06,60,409,2343,52979,4386,845,73,990
2021-07-07,64,386,2460,54408,4476,1429,90,1636
2021-07-08,74,375,2270,55433,4536,1025,60,895
2021-07-09,85,407,2226,56546,4585,1113,49,1118
2021-07-10,85,396,2304,57046,4697,500,112,690
2021-07-11,96,421,2245,58675,4761,1629,64,1634
2021-07-12,99,425,2175,59059,4807,384,46,360
2021-07-13,103,419,2232,60960,4900,1901,93,2051
2021-07-14,104,361,2270,61721,4938,761,38,837
2021-07-15,117,361,2339,62580,4980,859,42,970
2021-07-16,120,350,2138,63513,5097,933,117,849
2021-07-17,116,302,2152,64237,5156,724,59,797
2021-07-18,118,309,2129,64715,5194,478,38,493
2021-07-19,120,312,2063,64960,5216,245,22,201
2021-07-20,123,335,1902,65667,5313,707,97,643
2021-07-21,124,290,1892,66037,5359,370,46,406
2021-07-22,131,315,1925,66741,5402,704,43,780
2021-07-23,139,317,1920,67767,5445,1026,43,1064
2021-07-24,138,304,1868,68183,5468,416,23,387
2021-07-25,141,263,1840,68579,5492,396,24,392
2021-07-26,140,233,1746,69303,5537,724,45,675
2021-07-27,140,251,1573,70182,5583,879,46,752
2021-07-28,145,265,1496,70975,5607,793,24,740
2021-07-29,148,237,1408,71807,5686,832,79,823
2021-07-30,152,232,1271,72361,5807,554,121,538
2021-07-31,155,218,1365,73087,5873,726,66,886
2021-08-01,155,205,1064,73833,5930,746,57,502
2021-08-02,128,197,1027,74369,5951,536,21,520
2021-08-03,115,200,938,74755,5986,386,35,332
2021-08-04,120,209,958,75363,6014,608,28,656
2021-08-05,118,189,878,75828,6033,465,19,404
2021-08-06,120,191,814,76103,6058,275,25,236
2021-08-07,122,214,820,76385,6073,282,15,303
2021-08-08,35,187,751,76640,6089,255,16,202
2021-08-09,35,191,684,76761,6100,121,11,65
2021-08-10,33,141,664,77066,6136,305,36,321
2021-08-11,33,129,561,77464,6155,398,19,314
2021-08-12,31,113,517,77544,6158,80,3,39
2021-08-13,32,99,490,77787,6175,243,17,233
2021-08-14,31,89,469,77854,6179,67,4,50
2021-08-15,31,90,422,77984,6197,130,18,101
2021-08-16,31,100,379,78249,6203,265,6,228
2021-08-17,30,95,326,78435,6217,186,14,147
2021-08-18,30,97,299,78491,6221,56,4,33
2021-08-19,22,78,298,78981,6237,490,16,505
2021-08-20,23,72,268,79059,6245,78,8,56
2021-08-21,27,71,222,79139,6256,80,11,45
2021-08-22,26,78,238,79365,6257,226,1,243
2021-08-23,27,78,229,79388,6260,23,3,17
2021-08-24,25,77,180,79569,6271,181,11,143
2021-08-25,25,73,148,79682,6280,113,9,90
2021-08-26,26,65,142,79766,6284,84,4,82
2021-08-27,27,63,132,79870,6255,104,-29,65
2021-08-28,25,65,147,79957,6258,87,3,105
2021-08-29,26,62,157,80111,6260,154,2,166
2021-08-30,21,55,150,80146,6263,35,3,31
2021-08-31,22,42,137,80274,6273,128,10,125
2021-09-01,22,44,134,80347,6293,73,20,90
2021-09-02,23,46,117,80433,6331,86,38,107
2021-09-03,23,45,158,80548,6346,115,15,171
2021-09-04,19,50,157,80617,6379,69,33,101
2021-09-05,22,55,180,80662,6376,45,-3,65
2021-09-06,22,51,177,80680,6376,18,0,15
2021-09-07,21,58,151,80720,6406,40,30,44
2021-09-08,21,46,147,80776,6429,56,23,75
2021-09-09,23,41,138,80901,6460,125,31,147
2021-09-10,23,40,137,80981,6461,80,1,80
2021-09-11,18,41,118,81035,6465,54,4,39
2021-09-12,18,39,116,81083,6465,48,0,46
2021-09-13,19,45,110,81115,6465,32,0,26
2021-09-14,19,56,107,81147,6465,32,0,29
2021-09-15,19,57,87,81168,6468,21,3,4
2021-09-16,19,37,83,81235,6473,67,5,68
2021-09-17,18,43,76,81244,6472,9,-1,1
2021-09-18,18,44,67,81258,6473,14,1,6
2021-09-19,20,43,61,81267,6474,9,1,4
2021-09-21,19,45,73,81289,6479,22,5,39
2021-09-22,19,43,66,81313,6479,24,0,17
2021-09-23,18,42,61,81334,6480,21,1,17
2021-09-24,17,40,53,81373,6480,39,0,31
2021-09-25,17,37,49,81391,6481,18,1,15
2021-09-26,19,35,42,81410,6481,19,0,12
2021-09-27,19,37,39,81420,6484,10,3,10
2021-09-28,18,39,34,81428,6484,8,0,3
2021-09-29,20,39,29,81440,6484,12,0,7
2021-09-30,19,34,27,81450,6484,10,0,8
2021-10-01,14,36,23,81461,6484,11,0,7
2021-10-02,12,41,32,81468,6484,7,0,16
2021-10-03,12,31,33,81483,6484,15,0,16
2021-10-04,12,33,35,81486,6484,3,0,5
2021-10-05,15,41,31,81497,6485,11,1,8
2021-10-06,13,40,28,81501,6486,4,1,2
2021-10-07,9,36,24,81519,6487,18,1,15
2021-10-08,7,34,29,81533,6487,14,0,19
2021-10-09,8,44,26,81542,6487,9,0,6
2021-10-10,7,40,29,81548,6487,6,0,9
2021-10-11,7,37,28,81553,6487,5,0,4
2021-10-12,8,31,24,81558,6490,5,3,4
2021-10-13,1,25,23,81574,6486,16,-4,11
2021-10-14,1,23,22,81581,6487,7,1,7
2021-10-15,2,22,20,81583,6487,2,0,0
2021-10-16,4,14,10,81609,6487,26,0,16
2021-10-17,5,19,11,81615,6487,6,0,7
2021-10-18,5,19,11,81615,6487,0,0,0
2021-10-19,5,19,12,81618,6487,3,0,4
2021-10-20,0,19,12,81626,6487,8,0,8
2021-10-21,0,8,12,81633,6487,7,0,7
2021-10-22,0,8,17,81636,6488,3,1,9
2021-10-23,1,13,15,81645,6488,9,0,7
2021-10-24,0,16,14,81648,6488,3,0,2
2021-10-25,0,15,14,81649,6488,1,0,1
2021-10-26,0,14,12,81662,6488,13,0,11
2021-10-27,0,13,11,81669,6488,7,0,6
2021-10-28,1,11,11,81670,6488,1,0,1
2021-10-29,0,11,16,81676,6489,6,1,12
2021-10-30,0,9,35,81692,6491,16,2,37
2021-10-31,1,12,33,81695,6493,3,2,3
2021-11-01,1,15,29,81712,6493,17,0,13
2021-11-02,0,14,24,81724,6493,12,0,7
2021-11-03,1,15,20,81738,6494,14,1,11
2021-11-04,0,18,21,81744,6494,6,0,7
2021-11-05,2,10,24,81759,6494,15,0,18
2021-11-07,2,14,11,81774,6494,15,0,2
2021-11-08,0,12,5,81792,6494,18,0,12
2021-11-09,0,10,4,81795,6493,3,-1,1
2021-11-10,0,10,7,81791,6493,-4,0,-1
2021-11-11,1,13,9,81792,6493,1,0,3
2021-11-12,1,16,8,81790,6493,-2,0,-3
2021-11-13,0,18,13,81791,6493,1,0,6
2021-11-14,3,18,12,81811,6493,20,0,19
2021-11-15,1,16,12,81813,6493,2,0,2
